Ainǝwèo,prop,tisztának lenni,NGÁ NA WÙ,nyal öl áll,MD áinə wèo,Anubis isten (BR anafào > MA anəwào) népetimológiája,proper-names
Dhūann,prop,erdei vadász,THU XA,fa vadászik,AN thu xan,,proper-names
Ghuanèo,n,a Találkozás,QHÙ NÀ,,MA ghùa nèo,,misc
Hía,prop,érdekes tárgy,XÍ YA,nézd! mond,AN xí ya,,proper-names
Hôsyānn,prop,"sarkcsillag, vezérlő csillag",XÚ SÁ,farok ,BR húo sán,,proper-names
Liào Nūr,prop,"mosolygó hajnal, mosolygó krémzöld",,,,,proper-names
Màu,prop,"valaki, senki",MÙ,"valaki, ő",,< wào màu „senki fia”,proper-names
Myǎla,prop,Myāla istennő,YÀ RA,nő ugrik [fenséges],BR myào lā,,religion
Nîa Syáanng Myāol,prop,örök nyár országa,,,,,proper-names
Ninnhôsyānn,prop,én vezércsillagom,,,BR nin xúo sán < Šum Ninxursañ,,proper-names
Nnhôsyānn,prop,én vezércsillagom,,,BR nin xúo sán < Šum Ninxursañ,,proper-names
Nummu Lyədhôgh,prop,keselyű/varjú az oszlopon ,,keselyű rajta oszlop,BR nummu lalā thôgh,,proper-names
Ryamâeqh,prop,szürke folyó,,,BR ryá màiqhú,,proper-names
Thəréngghanû,prop,sehol-hegyek,THÁ SÁ RI XÁ NGA,sehol hegy,BR thásáili-xáiñganū,,proper-names
Umm Rwaqhǔy,epith,széttrollkodás öreganyja,,rágós szavak öreganyja,,,proper-names
Ẏhainǒgh,prop,hajlékony patkány,,,BR xuhái nùqhu,,proper-names
ái,v,nyal,NGÁ,,ngá,,root-words
áigh,v,mosakszik,NGÁ NGA,nyal hát,PR ñá ña,,body
áinn,adj,tiszta,NGÁ NGÍ,nyal én,PR ñá na,,misc
âinn,n,"idegesség, kényelmetlenség",NGÁ NGÍ,mosakszik,MA áinnə,,soul
aiyùgh,adv,legalább,YÙ,gyerek > kicsi,AN ai yùñ,,misc
alàgh,adv,legfeljebb,RA,ugrik > nagy,AN alaxù,,misc
amm,adv,vissza,WÀ,megy,wam,,post-positions
amyāqh,adv,jobban,,,AN amyǎxa,,misc
āo,v,nyit,NGÀ,harap,,,misc
àong,adj,nyitott,NGÀ,harap,PR ñàñ,,misc
àong,v,kitátja a száját,NGÀ,harap,PR ñàñ,,body
asyéa,pref,öreg,SÍ,fél,MA aśéa # $,,society
asyīqh,n,házi patkány,,,,,animals
awəmmū,n,"gond, jövés-menés",WÀ,megy jön,AN afàmū,,soul
ǎy,n,"rovar, bogár, kavics",RÁ YÌ,kő kicsi,AN rá yò,,animals
āya,adj,lenyűgöző,YÍ,,,,misc
āzyəmūth,n,sas,SÍ MU THA,,,,animals
dhǎ,int,nem,THÙ,,thàù,,root-words
dhǎ,v,mászik,THÀ,,thà,,root-words
dhàu,v,mindjárt,THÙ,,thù,"> az, ott, közel",root-words
dhàu,part,nem,THÀ,,,,misc
dhei,num,egy,THÍ,orr,,,misc
dhei,pron,oda,THÁ,ott,,,post-positions
dhei,adv,majd,THÁ,,,,time
dhéi rā,adv,először,THÁ RA,orr + ugrik,,,misc
dhei syiéng,pron,egyikünk,THI SI NGÍ,,thei syangi ? thì si ngí,,misc
dhôgh,n,"rúd, farönk, oszlop",THU QHÚ,fa + farok,,,plants
dhū,n,fa,THU,,thu,,root-words
dhunn,n,erdő,THU,fa,AN thun,,plants
dhúo,n,test,THÚ,,thú,,root-words
dhy̌,pron,hol?,THÌ,,thì,,root-words
dhǝ syer,num,egyszer,THÍ,,+ zyer idő,,misc
dhǝ syer thǝsyer,adv,előbb-utóbb,,egyszer soha,,,misc
éi,adv,el,YÁ,"nyúl > elfut, menekül",PR yái,,misc
emégh,v,jóllakik,MÍ,,ngímíng,,root-words
emégh,adj,"jóllakott, elégedett",MÍ,,ngímíng,,root-words
êy,n,mindjárt ott,YÁ,"nyúl > elfut, menekül",PR yái,,misc
fā,n,láb,FA,,fa,,root-words
fā,v,lép,FA,,fa,,root-words
fadh,n,"fordulat, visszavágás, csapás; érv",FA THA,fordul karom,PR faa ta,,society
fāfa,v,járkál,,,,,misc
fānn,n,lépés,FA,,fan,,root-words
far,n,láb,FA RA,láb,PR faa ra,,body
fáy,v,sétál,FA YÍ,láb ugrik,PR fa yí,,body
féa,n,"lélek, életerő",FÍ,,fía,,root-words
fei,adj,puha,FI,,fii,,root-words
feilīr,n,"párna, puha fekhely",FI SÁ RI RA,szőr idő ugrik,MA fei līr,,environment
fér,n,puha fekhely,FI RÁ,szőr kő,BR fiirá,,environment
féya,adj,meleg,FÍ,,fíia,,root-words
fǐ,n,akarat,FÌ,,fì,,root-words
fǐ,v,"visz, akar",FÌ,,fìi,,root-words
fidh,prep,mellett,FI,szőr,,,post-positions
fǐnn,n,választott,FÌ,,fìn,,root-words
fīr,v,küld,FÌ,visz + művelt.,PR fìra,,misc
fisya,adj,puha,FI,szőr,,,misc
fiyāgh,adv,mégis,FÌ,,,,misc
fiəh,n,"bátorság, mersz",FÌ SA,akar bánt,AN fìi sa,,misc
fiənnaqh,n,zsákmány (gyereknek),FÌ NA,visz öl,BR fìenaxa,,misc
foa,v,fordul,FA,láb,faa,,root-words
foa,n,sarok,FA,,PR faa,,body
foannà,n,kisméretű állat,,,,,animals
fuoa,n,"könyök, térd",FA FA,láb > hajlik,AN fafaa,,body
fȳ,n,tojás,FU,,PR fu,,animals
fyái,n,pénisz,FÁ,,fá,,root-words
fyair,n,tető,FÁ RA,"hegy, csúcs",PR fá ra,,environment
fyair,adj,magas,FÁ RA,"hegy, csúcs",PR fá ra,,environment
fyê,n,meleg,FÍ,,fí,,root-words
fyegh,n,felszín,FI,szőr,,,misc
fyī,n,szőr,FI,,fi,,root-words
fyifyi,adj,sűrű,FI FI,szőr szőr,,,misc
fyiimmū,n,ruha,FI MU,szőr antróp ,BR fyiéa mu,,misc
fyizyu,n,"fű, gyep",FI SU,szőr növény,fisu > fisyu > fizyu,,plants
fyoum,v,veszít,FÚ,üt,?,,misc
fyy̌,v,"dönt, választ",FÌ,,fì,,root-words
fẏyə,prep,miatt,FÌ,akar,,,post-positions
fẏyə qhē,conj,mert,FÌ,mert az,,,misc
fyı,prep,rajta (puha dolgon),FI,szőr,,,post-positions
fyəmwərâ,n,"selyem, vékony szövet",FI MU FI RÁ,,BR fyiéamu fiirâ,puha fekhely antróp szőr,misc
fyərúa,n,"ház, épület",FÍ RÚ,meleg benn,AN fyé rúa,,environment
fıwaí,n,bőr,FI WÁ,puha fül,feiwai,,animals
ghadh,prep,"rajt, rajta",NGA,hát,,,post-positions
gháh,n,tűz,NGA SÁ,harap fény,PR ñasyá,,environment
ghainyā,adj,szükséges,QHA,vadászik > éhes,,,misc
ghanào,v,érez,QHÙ NÀ,szag észrevesz,BR gàù nào,,misc
ghānn,n,hegy,NGA,,ngan,,root-words
ghào,v,harap,NGÀ,,ngà,,root-words
ghào,pron,ki? mi?,QHÀ,,xà,,root-words
ghào fye,pron,miért,FÌ,akar,,,misc
ghā̀qh,pron,hova,QHÀ QHÙ,,,,misc
ghar,v,"bosszant, idegesít",XÀ RA,harap ugrik,AN gà ra,,misc
ghar,n,bolha,XÀ RA,harap ugrik,AN gà ra,,animals
ghasya,v,marakodik,NGA SA,harap bánt,,,society
ghasye,n,éget,NGA SÁ,harap fény,PR ngasyá,,environment
ghàu,n,szag,QHÙ,"szag, nyom",PR xù,,misc
ghaum,v,talál,QHÙ,nyom,,,misc
ghaẏa,adj,"szagos, követhető, érthető, felismerhető",QHÙ,,qhù + ia > ghauia > ghaẏa,,misc
gheir,v,zúg,,,,,misc
ghenn,conj,"úgyhogy, tehát, így",,,,,misc
ghī,n,gömb,NGI,,ngi,,root-words
ghia,n,egész,NGI,kör,,,misc
ghīr,v,forog,NGI,,PR ñira,,misc
ghiərēi,n,autó,QHÌ RA,fut ugrik,MD ghiər rēi,,environment
ghòh,pron,te (desp.),NGU SÌ,hideg béka,PR ñusì,,misc
ghonao,v,"találkozik, együtt van, tapasztal",QHÙ NÀ,nyom észrevesz,,,misc
ghosyá,n,tegnap,QHÙ SÁ,nyom nap,,,time
ghòu wao,v,eljut,QHÙ WÀ,,,,misc
ghū,n,béka,NGU,,ngu,,root-words
ghǔnn,n,nyom,QHÙ,,xùn,,root-words
ghūr,adj,szürkésbarna,QHU,egér,,,colors
ghy̌,v,fut,QHÌ,,xì,,root-words
hái,n,fej,QHÁ,,xá,,root-words
hánghann,n,hegycsúcs,QHÁ NGA,fej gerinc > hegy feje,AN xáin gan,,environment
hânn,n,homlok,QHÁ,,xán,,root-words
hasya,n,szél,SA SA,,,,environment
hasyéi,n,szín,SÁ SÁ,nappal nappal,,,misc
hê,pron,ti,QHÍ,,xí,,root-words
headh,prep,előtt,QHÁ,fej,,,post-positions
hisyo,n,fészek,SI SU,,,,animals
hizya,v,rohan,QHÌ,fut,,,misc
hoadh,prep,mögött,QHÚ,farok,,,post-positions
hua,prep,után,QHÙ,,,,misc
huann,n,"osztályrész, juss",QHU NA,egér öl,AN qhua na,,society
huann ghā,v,jut valakinek,QHU NA,egér öl,,,society
huào,n,"utolsó, végső",QHÚ,farok,PR xúà,,misc
hûdh,n,mögött,QHÚ,farok,xúthá,,root-words
hui,num,kettő,,,,,numerals
huígh,adj,hosszú,QHÚ QHÚ,,,,misc
huinádh,n,vízimadár,QHÚ NA,hosszú nyak,,,animals
huinádhə osyy̌,n,"gém, kócsag",,hosszú nyak csőr,,,animals
huinadhə rya,n,hattyú,,,,,animals
huiō,n,üreg (embernél kisebb),QHÙ,kicsi farok,qhú yì,,animals
huio fayáng,n,alagút (emberméretű),,sétál farok,qhú yì fa ra,,animals
húo,n,farok,QHÚ,,xú,,root-words
hıghào,v,"leereszt, leenged",XÀ XI,harap esik,AN xi gà,,misc
idhuao,v,hagy,THÚ WÀ,,,,misc
iyi zyer,expr,néha,,néhány idő,iyi syeru,,time
iyiadh,adv,néhol,,néhány hely,,,post-positions
lā,adj,nagy,RA,ugrik > magas > nagy,ra,$,root-words
lā,v,történik,RA,ugrik,ra,$,root-words
lā,v,ugrik,RA,,ra,$,root-words
lānào,v,"ért, felfog",RA NÀ,ugrik + észrevesz,BR la nào,,misc
liào,adj,"szürkésrózsaszín, krémszínű szőr",RI ,hajnal,riao,,colors
liào,n,hajnal,RI,szürke,PR rià,,time
liào,adj,"krémszínű szőrű, szürkésrózsaszín",RI,szürke > hajnal,PR rià,,misc
lilyà,n,holnap,RI RI,este nap,liào,,time
limūth,n,bagoly,RI MU THA,,,,animals
līnn,n,éjszaka,RI ,,rin,,root-words
linyê,n,szürkület,RI NÍ,éj szürkület,MA li nyê,,time
līr,n,"hely, ülőhely, fekvőhely",SÁ RI RA,idő ugrik,< syilīr,< syılīr,environment
lua,v,ás,RU,,rua,,root-words
lua,adj,fekete,RU,,,,colors
lūng,adj,mély,RU,,rung,,root-words
lūnn,adj,gödör,RI~RU,éjszaka~gödör,run,,root-words
lūy,adj,mély,RU,,ruia,,root-words
lwadh,prep,lent,RU,mély,,,post-positions
lwaruo,adv,odalent,RU RÚ,,,,misc
lwoyə,n,tó,RU WÍ,mély,AN luwíi,,environment
lya,adj,"világosszürke, fehér",RI ,éjszaka,ria,,colors
lyā,v,hív,YA,,,,misc
lyā,adj,világos,RI ,fehér,,,colors
lyadh,prep,rajta,RA THÌ,ugrik itt,,,misc
lyē,n,"föld, talaj",RÁ,,ráa,$,root-words
lyéi,n,ma,RI,nap,,,time
ly̌gh,n,"mélység, szakadék",RU,,rung,$ tone change onomatopoeic,root-words
lẏrái,n,alagút,RU RÁ,gödör,PR ru rá,,environment
lẏrái,n,padló,RU RÁ,,PR ru rá,,environment
mā,n,pocok,WA,,PR wa,,animals
mā,n,"mancs, kéz",MA,,ma,,root-words
mǎ,adj,jóllakott,MÀ,,màa,,root-words
mae,prep,vele,MÁ,"család, társaság",,,misc
maè,adj,finom,MÀ,,,,misc
maedh,n,otthon,MÁ,,,,misc
mǎgh,adv,jól,MÀ,,,,misc
mái,n,család,MÁ,,má,,root-words
mái,n,fül,WÁ,,wá,,root-words
mái,v,hall,WÁ,,wá,,root-words
màmao,adv,egyre,WÀ WÀ,megy megy,,,misc
mào,v,megy,WÀ,,wà,,root-words
māo ,adj,jószagú,MÀ,,,,misc
marā,v,eltapos,MA RA,mancs ugrik,,,misc
marəgh,n,szárny,MA RA,<> per. morgh?,,,animals
màu,n,valaki,MÙ,,mù,,root-words
mayào,n,ember (Felis cattus),MÙ,valaki,BR màu yào,,root-words
mê,adj,tele,MÍ,,mí,,root-words
mēath,n,"rend, közösség, igazság",MÁ,család,PR máa tu,,society
méi,n,testvér,MÁ,család ~ alom,PR míi,,misc
meinnà,n,emberméretű állat,,,,,animals
mèo,n,elégedettség,MÀ,,PR màu,,misc
mfyeàm,n,"küldönc, futár",FÌ,,MA fìefàm,,society
mì,conj,csak,,,,,misc
mī,n,csont,WI,,wi,,root-words
mìa,adj,rugalmas,MÌ,növény,PR mìa,,misc
miedh,prep,alatt,MÍ,"emlő, has",,,post-positions
mih,n,ág,WI SU,,AN wi éa su,,plants
mīsy,adj,szép,MÀ,"jóllakott, jó",,,misc
mô,v,ül,MÚ,,mú,,root-words
moi,v,"fürdik, úszik (vízben)",WÙ,hal,,,environment
móu,n,tyúk,MÚ,,múu,,root-words
msyie,n,veszélyes állat,MU SÍ,,,,animals
mū,n,"nagy állat, úr, antróp",MU,,mu,,root-words
muadh,adj,erős,MU,,,,misc
mūdh,n,sólyom,MU THA,nagy állat karom,AN mu tha,,animals
mui,n,ragadozó,MU,,mui,,root-words
muó zyỳra,n,csirke (fajnév),MÚ RA,balfasz gyöngytyúk,múu zyẏ·ra,,animals
mūsya,v,ordít,MU SA,,?,,misc
mwē,n,"nagy állat, úr, 2. antróp",MU,,,,animals
mwēho,n,antróp (Homo sapiens),MU QHU,egerek ura,AN muéa qhū,,misc
mwezyiào,n,gonosz szellem,MU SA YÀ,,mwēśiyaū,,religion
mwezyiào,n,boszorkány,MU SA YÀ,,mwēśiyaū,,religion
mwie,adj,felső,WÁ,,,,misc
mwiō,n,öregember,MU YÚ,,BR mu yó,,society
mwó,n,gyöngytyúk,MÚ,,múu,,animals
mwosyə qhīqhanng,n,"bagoly, macskabagoly",,darabokban kiköp,,,animals
mwẏ nōgh,n,örvös galamb,MU WÌ,,mu wì nu·gh,,animals
my̌,n,rigó,WÌ,,PR wì,,animals
mẏ,conj,de,,,,,misc
mẏ liara,n,szarka,WÌ RI RU,,,,animals
mẏ nōgh,n,galamb,WÌ,,,,animals
mẏ yánng,n,szajkó,WÌ YA,rigó beszél,,,animals
mẏ zyūr,n,harkály,,rigó vörös,,,animals
mya,v,tartozik vhova > birtokol,MÁ,,má,,root-words
myāgh,adv,így,MÀ,,màng,,misc
myǎgh,adj,elég,MÀ,,,,misc
myaió,n,lány,YÀ,,,,society
myǎng,interj,igen,MÀ,,màng,,root-words
myào,n,"jóllakottság, béke",MÀ,,PR màa,,misc
myào,adj,jó,MÀ,,PR mà,,misc
myê,n,tej,MÍ,,mí,,root-words
myê,v,szopik,MÍ,,mí,,root-words
myēao,n,"bölcs ember, tanító",YA YA,,$,,society
myī,v,ül $,MI,,mi,,root-words
myirao,v,elkezd,RA,ugrik,,,misc
myô,n,férfi,YÚ,,yú,,root-words
myu,n,pillanat,,,,,time
myy̌,n,porc,MÌ,,mì,,root-words
mẏyū,n,sirály,WÌ YU,rigó kacsa,,,animals
mıyǎ,n,felnőtt nő,MÍ YÀ,tej női,PR mí yàa,,society
nā,n,öl,NA,,na,,root-words
nǎ,v,tud,NÀ,,nàa,,root-words
nagh,n,zsákmány,NA QHA,,PR naxa,,misc
nāgh,n,zsákmányállat,NA,,PR naxa,,animals
nāgh,n,halandó,NA,,PR naxa,,animals
nǎgh,n,nyak,NA,öl,PR na ñà,,body
nái,n,anyám,NÁ,,ná,,root-words
nānao,v,gondolkodik,NÀ NÀ,,,,misc
nānào,n,megértés,NA NÀ,észrevesz öl,BR na nào,,misc
nǎnao,v,megért,NA NÀ,észrevesz öl,BR na nào,,misc
nann,n,lehetőség,NA,öl,,,misc
nànn,n,gondolat,NÀ,,,,misc
nǎnn,n,lény,NÀ,mozgás,nàn,,root-words
nannā,v,játszik [vadászót],NA NA,öl,,,misc
nànng,adj,"szaggatott, szabálytalan",NGÀ,harap,,,colors
nào,v,észrevesz,NÀ,,nà,,root-words
nàofy̌,n,isten,NÀ FÌ,tud akar,BR nào fỳ,,religion
naonnə syiao,expr,műveltség,YA,hagyomány ismerete,,,religion
naor,v,felélénkül,NÀ,,,,misc
nàyə,prep,mint,NÀ,kép,,,misc
nàyə ghào?,pron,milyen,NÀ QHÀ,,,,misc
néi,n,tér,NÍ,,níi,,root-words
néi,n,anya,NÁ,,ná,,root-words
neirī,n,tegnap,NÍ RI,hajnal nap,,,time
nêmaiyō,n,egyszerre született testvér,NI MÁ,,BR ni máiū,,misc
nenn,n,vagina,NI,,nini,ninn?,root-words
nénn,n,nyugat,NÍ NA,,nína > nín > nen > nenn ,,misc
nennang,adj,tágas,NÍ NGA NGI,horizont hát gömb,BR néi ñañi,,misc
nenwa,num,öt,,nuen ua,,,numerals
nenwam,num,nyolcvan,,,,,numerals
ngā,n,hát,NGA,,nga,,root-words
ngǎ,v,képes valamire (+inf),NGÀ,harap,BR ngàa,,misc
ngadh,post,mentén,NGA,hát,,,post-positions
ngàdh,n,eunuch (eredetileg férfi),NGÙ,here,AN ñà thà # ngù thà,,society
ngann,v,elszakad,NGÀ,,AN ñà na,,misc
ngao,v,csinál,NGÀ,harap,,,misc
ngār,n,fal,NGA RA,hát ugrik,,,misc
ngàu,n,here,NGÙ,,ngù,,root-words
ngefye,v,hoz nekem,NGÍ FÌ,,,,misc
ngefyū,v,kell,FÌ WU,,,,misc
ngī,v,alszik,NGI,,ngi,,root-words
ngia,pron,én,NGÍ,,ngía,,root-words
ngìa,adj,finom,NGÌ,máj,ngìa,,root-words
ngidh,prep,körül,NGI,kör,,,post-positions
ngidhū,n,gyümölcs,NGI THU,gömb fa,BR ñiéa thu,,plants
nginn,n,"tekercs, alvó ember",NGI,,AN ñiu na,,body
ngǐnn,n,orvosság,NGÌ,máj,ngìn,,root-words
nginnīr,v,felébred,NGI NI,álom születés,,,misc
nginnı zyuarye,expr,girosz,,fűszeres hústekercs,,,misc
ngio,v,összetekeredik,NGI,,ngiu,,root-words
ngo,prep,ellen,NGÚ,ellenség,,,post-positions
ngô,n,ellenség,NGÚ,,ngú,,root-words
nguayə fā ,n,fáradtság,NGÚ FA,a láb betegsége,,,misc
ngy̌,n,máj,NGÌ,,ngì,,root-words
ngınèo,n,álom,NGI NÀ,alszik lát,AN ñi nèo,,misc
nī,prep,elő,NI,vagina,,,post-positions
nī,prep,ki,NI,vagina,,,post-positions
niagh,n,tér,NÍ,hajnal > horizont,,,misc
niào,v,mozog,NÀ,,nài,,root-words
niao nyô,v,átgondol,NÀ NÚ ,újra gondol,MA niao nyô,,misc
niara,v,repül,NÍ RA,,,,animals
niaráng,n,madár,NÍ RA,,,,animals
niaryái,n,fecske,NÍ YÁ,repül nyúl,,,animals
nīgh,n,étel,NÌ,,nìxu,,root-words
nihādh,adv,tovább,NI QHÚ,,,,post-positions
nīr,n,"üreg, járat",NI,,,,misc
nira,n,rés,NI,,,,misc
nn,conj,hogy,,,,,misc
nndhào,n,eunuch (eredetileg nő),NÚ,szül,nú thà,,society
nnrəhua,n,bánat,NU,mosoly,AN nura qhua,,soul
nnūy,adj,nagyszerű,NU,,nui $,,root-words
no,conj,is,NÚ,,,,misc
nofyair,n,tökéletesség,NU FÁ RA,szív magas,AN nu fyáila,,misc
nôgh,adv,megint,NÚ,,núng,,misc
nōgh,n,vándorpatkány,NÙ,,PR nùxu,,animals
nōgh,n,patkány,NÙ,,nùxu,$,root-words
nói,n,teremt,NÚ,,núi,$,root-words
nói,v,teremt,NÚ,,PR núi,,religion
noíqh,pt,teremtő,NÚ,,AN nóixu > nywíqh ~ nói,,religion
nōsy,prep,kívül,NÚ,szül,,,post-positions
nū,n,szív,NU,,nu,,root-words
nū,n,"középpont, közép",NU,,PR nu,,misc
nūdh,post,közepén,NU,,,,post-positions
nummu,n,"dögevő madár, keselyű, varjú",,šum. numma keselyű?,,,animals
nūn,num,hét,,,,,numerals
nūr,v,mosolyog (dorombol),NU,,nuru $,,root-words
nǔy,adj,telt színű,NÙ,patkány,,,colors
nǔy,adj,"kékesszürke, teltszürke",NÙ,patkány,,,colors
nwēn,num,négy,,,,,numerals
nwēn ham,num,hatvannégy,,,,,numerals
nwēni,num,hat,,nwen ui,,,numerals
ny̌,v,eszik,NÌ,,nì,,root-words
nyahōr,n,odú,NGI QHÚ RÚ,otthon farok bent,,,animals
nyāia,adj,fájdalmas,,,,,misc
nyainā,n,zsákmány madár,,,,,animals
nyām,v,születik,NÚ,szül,,,misc
nyan,interj,"kérlek, kérem",NÁ,anyám,~ AN nán,,misc
nyang,v,szeret,NÁ NGI,anya alszik,AN ná ñi,,misc
nyang qhen,pron,ugyanaz,[NA NGI] QHEN,nangi thái > nyang qhen ,,,misc
nyann,interj,szóval,,,,,misc
nyànn,n,"lény, élőlény",NÀ,,,,animals
nyânn,n,"kérés, kérlelés",NÁ,anyám,AN nán,,misc
nyanng,n,"szeretés, szeretet",NÁ NGI,anya alszik,< nyang,,misc
nyánngī,n,apró énekesmadár,NÍ NGI,„pufók madár”,,,animals
nyánngı zyūr,n,vörösbegy,,énekesmadár vörös,,,animals
nye,v,változik,NÍ,hajnal,,,misc
nyê,n,"szürkület, hajnal",NÍ,,ní,,root-words
nyéa,n,horizont,NÍ,,nía,nyéa,root-words
nyedh,prep,"túl, messze",NÍ,hajnal > horizont,,,post-positions
nẏel,n,félidő,NU SÁ,,AN nu sáili,,time
nyer,n,ég,NÍ RA,tér fel,BR níra,,environment
nyô,n,szül,NÚ,,nú,$,root-words
nyóa,adj,új,NÚ,,núa,$,root-words
nẏr,v,megesz,NÌ,,nìr,,misc
nẏwagh,adv,biztosan,NÌ FÌ,eszik visz,,,misc
nyəméi,n,"föld, ország",NÍ MÁ,tér család,~ MA ńé méi,,environment
nırōfyé,n,szoba,NI RÚ FÍ,meleg üreg,BR nirúo fyé,,misc
nırúo,n,"barlang, terem, üreg",NI RÚ,,PR ni rú,,misc
ó,post,ellen,NGÚ,ellenség,PR ngú,,misc
ói,n,betegség,NGÚ,,ngúi,,root-words
ōnen,num,tizenkettő,,,,,numerals
ōnenwa,num,tizenhárom,,,,,numerals
osyy̌,n,csőr,WÚ SÌ,fog hideg,,,animals
osyy̌,n,kés,WÚ SÌ,fog hideg,BR ù sỳ,,misc
"ouyā, wia-",adj,több,,,,,misc
qhā,v,vadászik,QHA,,xa,,root-words
qhānn,n,"vadász, ember",XA,vadászik,AN xan,,misc
qhar,n,"lejtő, domboldal",QHÁ,,AN qhái ru,,environment
qhar,v,lecsap,QHA,vadászik,AN qhái ru,,misc
qheir,pron,többi,THÌ,,,,misc
qheir,pron,másik,,,,,misc
qheirẏ màu,pron,"többiek, többi ember",THÌ,,,,misc
qhesyiqh,v,zörög,,[hangutánzó],,,misc
qhī,v,esik (eső),QHI,,xi,,root-words
qhi syḕ,num,ennyi,,ez sok,,,misc
qhiangī,n,unalom,QHI NGI,,,,misc
qhīdh,v,lemászik,THA XI,karom esik,AN xi ta,,misc
qhìm,n,"esik, zuhan",QHI,,ximù,,root-words
qhio,n,eső,QHI,,xiu,,root-words
qhiosyy̌,n,hó,XI SÌ,esik hideg,MA xiosyy̌,,misc
qhīqh,v,"tüsszent, kiköp",QHI,eső,AN qhiqhi,,body
qhīqh zyuái,expr,köp,,,,,body
qhiqhī,n,por,QHI,,MA qhī qhī,,environment
qhiyāgh,adv,rosszul,QHI,"eső, rossz idő",,,misc
qhiəl,v,gyorsan fut,QHÌ RA,fut ugrik,PR xìi ra,,body
qhoadh,n,vég,QHÚ + THÌ,,,,misc
qhoanā,n,zsákmány emlős,,,,,animals
qhòi pl. qhǔi,n,szó,QHÙ,nyom,PR xùi,,misc
qhor,v,elfárad,QHÙ,,,,misc
qhū,n,egér,QHU,,PR xu,,animals
qhǔ,n,út,QHÙ,"szag, nyom",xùu,,root-words
qhua,n,"falat, darab",QHU,egér,AN qhua,,misc
qhȳr,n,ész,QHÌ,fut,,,misc
qhẏradh,adj,okos,QHÌ,fut,,,misc
qhı,conj,és,,,,,misc
rǎ,n,szexuális aktus,RÀ,,ràa,$,root-words
rāgh,adv,nagyon,RA,,,,misc
rái,n,"dolog, tárgy",RÁ,,rá,$,root-words
raiá,adj,sötétszürke,RÁ,föld,linn·ya,,colors
rào,v,szexel,RÀ,,rà,$,root-words
réi,n,kő,RÁ,,rái,$,root-words
riuqh,adj,folytonos,RÌ,,,,misc
ro,prep,"belül, benne",RÚ,bél,,,post-positions
rong,adj,méretű,RÚ,,,,misc
rǔ,n,száj,RÙ,,rù,,root-words
rua,adj,fekete,RU,,,,root-words
ruá,v,húst rág,RÙ,bél,PR rúa,,misc
ruāqh,n,varjú,,[hangutánzó?],rua,,animals
ruathua,adj,feketésbarna,RU THU,,,,colors
ruayıth,n,holló,YI,,ruayi·th,,animals
ruenngār,n,hatalmas alagút (emberi),RU NGA RA,mély fal,,,animals
ruia,adj,nedves,RU,,,,misc
ruó,n,bél,RÚ,,rú,,root-words
rwao zyūr,adj,teknőctarka szőr,,fekete vörös,,,colors
rwei,n,észak,,,,,misc
ryâ,adj,szürke,RI ,éjszaka,ri + ya > riya,,misc
ryâ,prep,rá,RA,,,,misc
ryeryei,n,anyag,RÁ RÁ,kő,,,environment
ryéı fıwaí,n,pikkely,RÁ FI WÁ,kő bőr,rá feiwai,,animals
ryǐng,n,"gonosz, ijesztő",RÌ,,rìng,$,root-words
rÿn,v,elbújik,RÌ,gyík,,,environment
syâ,pron,ő maga,,,,,misc
syā,n,harag,SA,,sa,,root-words
syā,v,fúj,SA,,sa,,root-words
syaáng,adj,örök,SÁ,csillag > állandó,PR sáang,,misc
syaēnha,n,áldozópap,SA YA NA QHA,veréb öl,BR saéa ya naqhā,a zsákmány szó megölője,religion
syagh wie,v,békén hagy,syāgh!,hagyj békén!,,,misc
syahī,n,Nap,SÁ YÍ,,$,,environment
syái,n,nappal,SÁ,,sá,,root-words
syamm,num,tizenhat,,,,,numerals
syamm ūa,num,tizenhét stb.,,,,,numerals
syanagh,n,áldozat,SÀ NA QHA,veréb öl,BR sàéa naqha,zsákmány lelke,religion
syânn,n,csillag,SÁ,csillag,PR sán,,environment
syányə,n,hajnal,SÁ NÍ,nappal szürkület,PR sá ní,,time
syào,n,lélek,SÀ,,sà,,root-words
syarû,n,levegő,SA RÚ,,,,environment
syaruí,n,levegővétel,SA RÚ,,,,misc
syàu,n,vizelet,SÙ,,sù,,root-words
syàu,v,pisil,SÙ,,sù,,root-words
sye,conj,ha,,,,,misc
sye,v,megmarad,SÁ,csillag > állandó,,,misc
syê,v,fél,SÍ,,PR sí,,misc
syḕ,num,sok,SI,,,,numerals
syea,v,"éles fénnyel ragyog, fénylik",SÁ,,,,environment
syéa,adj,"öreg, régi, hatalmas",SÍ,fél > hatalom,PR sía # $,,society
syêa,n,fény,SÁ,,sáa,,root-words
syeáng,adj,világos,SÁ,,sáang,,misc
syei,v,lát,SI,bajusz,si,,root-words
syéi,n,félelem,SÍ,,síi,,root-words
syéng,n,kelet,SÍ,,,,misc
syénng,part,"tartós, hosszú",SÁ,,,,misc
syénng,part,messzi,SÁ,hosszú idő,< sye,,misc
syer,adv,most,,,PR sá li,,time
syer yēng,adv,hamar,,menekülő időben,,,misc
syerā,v,ijeszt,SÍ RA,,,,misc
syī,n,bajusz,SI,,si,,root-words
syia,adj,hideg,SÌ,,~ PR sì,,misc
syiá,n,kuvik,,[hangutánzó],,,animals
syiao,n,"hagyomány, mondások",YA,sok szavak,BR si yaū,,religion
syīay,n,beszélgetés,SI YA YA,sok beszél beszél,AN si ya ya,,society
syiegh,adv,hirtelen,SÍ,,,,misc
syiéng,pron,együtt,SI NGÍ,együtt mi,syingí > syingé > syíngə > syîng > syiéng,,misc
syihann,n,"találkozik valakivel, üdvözöl",QHÁ NGA,fej gerinc,"qhá nga > hain, haing, ",,misc
syihann,n,találkozás (személyekkel),QHÁ NGA,fej gerinc,"qhá nga > hain, haing, ",,misc
syīnǎ,v,rajzol,SI NÀ,bajusz kép,BR si nǎ,,society
syir,prep,között,SI,bajusz > együtt,,,post-positions
syiwaiqh,n,hangyaboly,,,,,animals
syy̌,n,hideg,SÌ,,sì,,root-words
syy̌,n,tél,SÌ,,PR sì,,misc
syımān,adj,"kék, lila",,per. āsemān „ég”,,,colors
syımānyé,adj,csillogó fekete/kék/zöld,,,< syımān,,colors
syısya,adj,vékony csíkos,SI ,bajusz,sisia,,colors
syəiū,n,lúd,SA YU,harag kacsa,,,animals
thā,n,karom,THA,,tha,,root-words
thà alāgh,adv,kevésbé,,nem nagyon,,,misc
thāgh,n,sün,THA XU,tüskés egér,BR thaxu,,animals
thái,n,nincs,THÁ,,thá,a dhẏ hatására vette át ezt a jelentést,root-words
thàzyan,adv,sose,THÚ zyan,nem + idő,,,misc
thê,n,orr,THÍ,,thí,,root-words
ther,pron,sehol,THÁ SÁ RI,,AN thá sáili,,misc
ther,n,soha,THÁ SÁ RI,nem nappal éjszaka,AN thá sáili,,misc
thezyer,adv,most,THÍ SÁ,,,,misc
thī,n,fióka,THI,,thi,,root-words
thie,pron,itt,THÁ,,,,misc
thǔ,v,nincs,,,thàwù,,misc
thù yoghin āin ,adv,bármennyire,,nem érdekel [milyen] nagyon,,,misc
thù zyerı,conj,még,,,,,misc
thuao,v,marad,THÚ WÀ,,,,misc
thȳn,n,hely,THÙ,,,,misc
thə-,pref,nem-,THÁ,nem,,,misc
thəhìa,n,"nyomorult, szerencsétlen",THI SÌ,fióka hideg,AN thisyìa,,soul
ū,v,van,WU,áll,wu,,root-words
úa,adj,beteg,NGÚ,,ngúa,,root-words
ūa,num,egy,,,,,numerals
ufyə,v,áll,WU FA,áll láb,wufa,,root-words
uinn,n,dél,,,,,misc
umē,v,megtölt,MÍ,szopni,umí,,misc
umm,n,öregasszony,MÙ MU,,BR umma,,society
unō,v,kezd,NÚ,szül,,,misc
uny̌m,n,etető antróp,NÌ MÙ,eszik ember,,,misc
úo,n,fog,WÚ,,wú,úo,root-words
uryū,adj,kemény,RÚ,kő,,,misc
uyai,v,elkerget,YÁ,"nyúl > elfut, menekül",,,misc
ūyiégh,adj,csodálatos,YÍ,hold,,,misc
uyù,n,hal,WÙ,,wù,ù,root-words
uyurù,n,pelikán,WÙ RÙ,hal száj,,,animals
wà zyerı,conj,már,WÀ,"eljött az idő, amikor",wàm zyan,,misc
waiqh,n,"apró rovar, hangya",,,,,animals
wam,v,jön,WÀ,,,,misc
wam dhei,v,odajön,,,,,misc
wam ruo,v,bejön,WÀ WÀ,megy megy,,,misc
wào,n,valaki gyereke,FÀ,,fà,,root-words
wào dhei,v,odamegy,,,,,misc
waor,v,érkezik,WÀ,,wàr,,misc
wau,n,úszik,WÙ,,wù,,root-words
wê,v,iszik,WÍ,,wé,,root-words
weír,prep,fölött,WÁ,fül,,,post-positions
weo,n,lét,WU,áll,PR wàu,,misc
wia,n,víz,,,~ PR wí,,misc
wiarā,num,többször,,,,,misc
winen,num,nyolc,,,,,numerals
winēni,num,tíz,,,,,numerals
winennū,num,tizenegy,,,,,numerals
winenwa,num,kilenc,,,,,numerals
winyei,v,beborít,FI NÁ,szőr anya,,,misc
wo syie ,adv,darabokban,FU,tojás bajusz > együtt [tojáshéj-utalás],fu si > wo syī > wo syē,,misc
woa,v,hajlik,FA,láb > fordul,PR faa,,misc
wòm,v,ütközik,FÚ MÙ,,~ PR fú mù,,environment
wonēni,num,tizennégy,,,,,numerals
wonnū,num,tizenöt,,,,,numerals
woréi,n,alom,FÙ RÁ,ürülék kő,,,environment
wōsy,num,három,,,,,numerals
wosyá,n,napnegyed,FA,láb > fordul,,,time
wōsyiagh,n,nap,SÁ,,wōsy yiagh,,time
wuo,n,ürülék,FÙ,,fù,,root-words
wúo,v,üt,FÚ,,fú,,root-words
yā,n,mond,YA,,ya,,root-words
ya thǎya,adj,"elmondhatlan, kimondhatatlan",YA,,ya thà ia,,misc
yaegh,n,hagyomány,YA YA,,yayagh,,religion
yagh,v,érdeklődik,YA QHA,szó vadászik,AN yaqha,,society
yái,n,nyúl,YÁ,,PR yá,,animals
yaigh,adj,gyors,YÁ,"nyúl > elfut, menekül",,,misc
yānā,v,jelent,YA NÀ,~ ar. yaˀnī ?,,,misc
yáng,n,név,YA NGÍ,név én,yange > yang,,society
yannā,v,hisz,YA NÀ,,,,misc
yao,n,szó,YA,,,,misc
yào,n,tüzelő nő,YÀ,,yà,,root-words
yàu,v,vérzik,YÙ,,yù,,root-words
yàu,n,vér,YÙ,,yù,,root-words
yê,v,"vonul, megy valahova",YÍ,,yí,,root-words
yê,n,hús,RÍ,,rí,$,root-words
yea,n,hónap,YÍ,hold,yía,,time
yéa,adj,fehér,YÍ,nappal,yía,,root-words
yéao,n,hold,YÍ,,yí,$,root-words
yēao,n,"slam, összejövetel 2. bölcsesség",YA YA,beszél-beszél,$,,society
yeffe,n,elvisz neki,FÌ,,,,misc
yeu,n,három hónap,YÍ,hold,yíu,,time
ẏhái,v,"befér, átfér, benyomakodik",XU XÁ,egér fej,BR xuhái,„egérként átférő fejű”,environment
ẏhái,n,"hajlékonyság, mozgékonyság, karcsúság",XU XÁ,egér fej,BR xuhái,„egérként átférő fejű”,misc
yī,n,szem,YI,,yi,,root-words
yī,v,néz,YI,,yi,,root-words
yī ghūa,v,keres,,néz nyom,,,misc
yiá,adj,"fényes fehér (csak fémekre, műanyagokra, fényre)",YÍ,nappal,,,colors
yian zyan,n,gyerekkor,,,,,misc
yìann,n,gyerek,YÌ,,yìan,,root-words
yidh,n,tekintet,YI,szem,PR yi tha,,misc
yǐnn,n,kamasz gyerek,YÌ,,yìn,,root-words
yìu,adj,kicsi,YÌ,,yìu,$,root-words
yoa,n,beszél,YA,,yaa,,root-words
ẏrarā,v,balfaszkodik,RA RA,ugrik,,,body
yū,n,kacsa,YU,kacsa,PR yu,,animals
ywann,n,lúd,YU,,yuan,,root-words
yy̌,n,kígyó,RÌ,,rì,$,root-words
yy̌r,adj,"vörös, narancssárga, zöld",YÙ,vér,,,colors
yəlua,adj,fekete-fehér,RI ,fehér,,,colors
yəlua,adj,"kontrasztos, látványos",,fekete-fehér,,,colors
yəlwaiō,adj,nagy foltos,RI ,fehér,< yəlua,,colors
zyā,n,szél,SA,,sa,,root-words
zyǎ,n,veréb,SÀ,,PR sà,,animals
zyǎgh,n,zombi,SA NGÀ,,PR sa ñà,,religion
zyaio,n,lélegzet,SA,,sa,,misc
zyamm,n,idő,SÁ NÍ,,,,misc
zyann ngī,v,időt tölt,NGI,,,,misc
zyàoı dhunn,n,mezei veréb,,veréb erdő,,,animals
zyār,prep,közben,SÁ,nappal,,,post-positions
zyěadh,n,"megjelenés, avatar",SÁ THÀ,nem volt látható,AN sêathà,,religion
zyer,n,"idő, pillanat",SÁ RI,nappal éjszaka,PR sái li,,misc
zyìa,adj,"hideg, halott",SÌ,,sìa,,root-words
zyīsya,v,ír,SI SA,bajusz öl,BR si sā,,society
zyīsyagh,n,írnok,SI SA,bajusz öl,BR si saxu,,society
zyìu,adj,"kevés, szűkös",SÌ,,sìu,,root-words
zyizyu,n,fű,SU,növény,syisyu,,plants
zẏmuó,n,csirke,SÍ MU,,,,animals
zyoa,adj,cirmos,SU,levél,,,colors
zyoanànng,adj,pettyes,SU NGÀ,cirmos harap,,,colors
zyoury̌,n,uborka,SU RÌ,zöldség kígyó,,,misc
zyū,v,nő,SU,növény,su,,root-words
zyū,n,levél,SU,,su,,root-words
zyua,n,gyógynövény,SU,,sua,,root-words
zyuaghào,n,"csípős fűszer, paprika, gyömbér",SU NGÀ,harapós gyógyfű,MD zyua·ghào,,plants
zyūái,n,nyál,SÙ NGÁ,vizelet nyal,BR su ái,,body
zyúo,v,szopik,SÚ,,sú,,root-words
zyur,n,minta,SU,növény,,,misc
zyūr,adj,"vörös szőrű; homokszínű, világosszöld",SU,levél,,,colors
zyỳaqh,part,"hibás, hibázó fél",QHA,"vadászik, lecsap",,,society
zyỳgh,n,hiba,QHA,"vadászik, lecsap",,,body
zyẏqhā,v,"hibázik, elhibáz",QHA,"vadászik, lecsap",,,body
zyỳra,v,ügyetlenül ugrik,RA,ugrik,,,body
zyıa,n,megjelenik,SI,bajusz,sia,,root-words
zyıēaqh,n,"slam, összejövetel",YA YA,sok beszél beszél,MA zyıyayax,,society
zyıgh,v,"szétterül, szétborul",SI XI,,BR sixi,,misc
zyılīr,n,"ott, az a hely",SÁ RI RA,idő ugrik,AN sáili ra,,misc
zyınǎ,adj,"furcsa, különös, jellegzetes",SI NÀ,,BR si nàa,,misc
zyınào,n,rajz,SI NÀ,bajusz kép,BR si nào,,society
zyəmarəgh,n,toll,RA SU,,zu mara·gh,,animals
ızyeiū,G3,jég,SA YU,harag kacsa,< syeiū,,misc
